<?xml version="1.0" encoding="utf-8"?>
<!-- @tempversion -->
<!-- @name			    [%%ArchitectComp_name%%] (Release [%%COMPONENTSTARTVERSION%%]) -->
<!-- @author			[%%COMPONENTAUTHOR%%] ([%%COMPONENTWEBSITE%%]) -->
<!-- @package			[%%com_architectcomp%%] -->
<!-- @subpackage		[%%com_architectcomp%%].admin -->
<!-- @copyright		    [%%COMPONENTCOPYRIGHT%%] -->
<!-- @license			GNU General Public License version 3 or later; See http://www.gnu.org/copyleft/gpl.html -->

<!-- The following Component Architect header section must remain in any distribution of this file -->

<!-- @version			$Id: access.xml 482 2015-04-06 17:48:54Z BrianWade $ -->
<!-- @CAauthor		    Component Architect (www.componentarchitect.com) -->
<!-- @CApackage		    architectcomp -->
<!-- @CAsubpackage	    architectcomp.admin -->
<!-- @CAtemplate		joomla_3_4_standard (Release 1.0.0) -->
<!-- @CAcopyright		Copyright (c)2013 - 2015  Simply Open Source Ltd. (trading as Component Architect). All Rights Reserved -->
<!-- @Joomlacopyright   Copyright (c)2005 - 2015 Open Source Matters, Inc. All rights reserved. -->
<!-- @CAlicense		    GNU General Public License version 3 or later; See http://www.gnu.org/copyleft/gpl.html -->

<!-- This program is free software: you can redistribute it and/or modify it under the terms of the GNU General Public License as published by -->
<!-- the Free Software Foundation, either version 3 of the License, or (at your option) any later version. -->

<!-- This program is distributed in the hope that it will be useful, but WITHOUT ANY WARRANTY; without even the implied warranty of -->
<!-- MERCHANTABILITY or FITNESS FOR A PARTICULAR PURPOSE.  See the GNU General Public License for more details. -->

<access component="[%%com_architectcomp%%]">
    [%%IF INCLUDE_ASSETACL%%]
    <section name="component">
        <action name="core.admin" title="JACTION_ADMIN" description="JACTION_ADMIN_COMPONENT_DESC" />
        <action name="core.options" title="JACTION_OPTIONS" description="JACTION_OPTIONS_COMPONENT_DESC" />
        <action name="core.manage" title="JACTION_MANAGE" description="JACTION_MANAGE_COMPONENT_DESC" />
        <action name="core.create" title="JACTION_CREATE" description="JACTION_CREATE_COMPONENT_DESC" />
        <action name="core.edit" title="JACTION_EDIT" description="JACTION_EDIT_COMPONENT_DESC" />
        <action name="core.edit.state" title="JACTION_EDITSTATE" description="JACTION_EDITSTATE_COMPONENT_DESC" />
            [%%IF INCLUDE_CREATED%%]
        <action name="core.edit.own" title="JACTION_EDITOWN" description="JACTION_EDITOWN_COMPONENT_DESC" />
            [%%ENDIF INCLUDE_CREATED%%]
        <action name="core.delete" title="JACTION_DELETE" description="JACTION_DELETE_COMPONENT_DESC" />
            [%%IF INCLUDE_CREATED%%]
        <action name="core.delete.own" title="[%%COM_ARCHITECTCOMP%%]_ACTION_DELETEOWN" description="[%%COM_ARCHITECTCOMP%%]_ACTION_DELETEOWN_COMPONENT_DESC" />
            [%%ENDIF INCLUDE_CREATED%%]
    </section>
    [%%ENDIF INCLUDE_ASSETACL%%]
    [%%IF GENERATE_CATEGORIES%%]
    <section name="category">
        <action name="core.create" title="JACTION_CREATE" description="COM_CATEGORY_ACCESS_CREATE_DESC" />
        <action name="core.edit" title="JACTION_EDIT" description="COM_CATEGORY_ACCESS_EDIT_DESC" />
        <action name="core.edit.state" title="JACTION_EDITSTATE" description="COM_CATEGORY_ACCESS_EDITSTATE_DESC" />
        <action name="core.edit.own" title="JACTION_EDITOWN" description="COM_CATEGORY_ACCESS_EDITOWN_DESC" />
        <action name="core.delete" title="JACTION_DELETE" description="COM_CATEGORY_ACCESS_DELETE_DESC" />
    </section>
    [%%ENDIF GENERATE_CATEGORIES%%]
    [%%FOREACH COMPONENT_OBJECT%%]
        [%%IF INCLUDE_ASSETACL%%]
            [%%IF INCLUDE_ASSETACL_RECORD%%]
    <section name="[%%compobject%%]">
        <action name="core.edit" title="JACTION_EDIT" description="JACTION_EDIT_COMPONENT_DESC" />
        <action name="core.edit.state" title="JACTION_EDITSTATE" description="JACTION_EDITSTATE_COMPONENT_DESC" />
                    [%%IF INCLUDE_CREATED%%]
        <action name="core.edit.own" title="JACTION_EDITOWN" description="JACTION_EDITOWN_COMPONENT_DESC" />
                    [%%ENDIF INCLUDE_CREATED%%]
        <action name="core.delete" title="JACTION_DELETE" description="JACTION_DELETE_COMPONENT_DESC" />
                    [%%IF INCLUDE_CREATED%%]
        <action name="core.delete.own" title="[%%COM_ARCHITECTCOMP%%]_ACTION_DELETEOWN" description="[%%COM_ARCHITECTCOMP%%]_ACTION_DELETEOWN_COMPONENT_DESC" />
                    [%%ENDIF INCLUDE_CREATED%%]
    </section>
            [%%ENDIF INCLUDE_ASSETACL_RECORD%%]
        [%%ENDIF INCLUDE_ASSETACL%%]
    [%%ENDFOR COMPONENT_OBJECT%%]
</access>