<?xml version="1.0" encoding="utf-8"?>
<!-- @tempversion -->
<!-- @name			    [%%ArchitectComp_name%%] (Release [%%COMPONENTSTARTVERSION%%]) -->
<!-- @author			[%%COMPONENTAUTHOR%%] ([%%COMPONENTWEBSITE%%]) -->
<!-- @package			[%%com_architectcomp%%] -->
<!-- @subpackage		[%%com_architectcomp%%].mod_[%%architectcomp%%] -->
<!-- @copyright		    [%%COMPONENTCOPYRIGHT%%] -->
<!-- @license			GNU General Public License version 3 or later; See http://www.gnu.org/copyleft/gpl.html -->

<!-- The following Component Architect header section must remain in any distribution of this file -->

<!-- @version			$Id: mod_architectcomp.xml 482 2015-04-06 17:48:54Z BrianWade $ -->
<!-- @CAauthor		    Component Architect (www.componentarchitect.com) -->
<!-- @CApackage		    architectcomp -->
<!-- @CAsubpackage	    architectcomp.mod_architectcomp -->
<!-- @CAtemplate		joomla_3_4_standard (Release 1.0.0) -->
<!-- @CAcopyright		Copyright (c)2013 - 2015  Simply Open Source Ltd. (trading as Component Architect). All Rights Reserved -->
<!-- @Joomlacopyright   Copyright (c)2005 - 2015 Open Source Matters, Inc. All rights reserved. -->
<!-- @CAlicense		    GNU General Public License version 3 or later; See http://www.gnu.org/copyleft/gpl.html -->

<!-- This program is free software: you can redistribute it and/or modify it under the terms of the GNU General Public License as published by -->
<!-- the Free Software Foundation, either version 3 of the License, or (at your option) any later version. -->

<!-- This program is distributed in the hope that it will be useful, but WITHOUT ANY WARRANTY; without even the implied warranty of -->
<!-- MERCHANTABILITY or FITNESS FOR A PARTICULAR PURPOSE.  See the GNU General Public License for more details. -->

<extension type="module" version="3.4" client="site" method="upgrade">
    <name>mod_[%%architectcomp%%]</name>
    <author>[%%COMPONENTAUTHOR%%]</author>
    <creationDate>[%%COMPONENTCREATED%%]</creationDate>
    <copyright>
        [%%COMPONENTCOPYRIGHT%%]
    </copyright>
    <license>
        GNU General Public License version 3 or later; See http://www.gnu.org/copyleft/gpl.html
    </license>
    <authorEmail>[%%COMPONENTEMAIL%%]</authorEmail>
    <authorUrl>[%%COMPONENTWEBSITE%%]</authorUrl>
    <version>[%%COMPONENTSTARTVERSION%%]</version>
    <description>MOD_[%%ARCHITECTCOMP%%]_XML_DESCRIPTION</description>
    <files>
        <filename module="mod_[%%architectcomp%%]">mod_[%%architectcomp%%].php</filename>
        <folder>tmpl</folder>
        <filename>helper.php</filename>
        <filename>mod_[%%architectcomp%%].xml</filename>
    </files>
    <languages>
        <language tag="en-GB">language/en-GB/en-GB.mod_[%%architectcomp%%].ini</language>
        <language tag="en-GB">language/en-GB/en-GB.mod_[%%architectcomp%%].sys.ini</language>
    </languages>
     <config>
        <fields name="params">
            <fieldset
			    name="[%%architectcomp%%]"
			    label="MOD_[%%ARCHITECTCOMP%%]_PARAMETERS"
			>
                <field
                    name="componentobject"
                    type="list"
                    label="MOD_[%%ARCHITECTCOMP%%]_FIELD_SELECT_COMPONENTOBJECT_LABEL"
                    description="MOD_[%%ARCHITECTCOMP%%]_FIELD_SELECT_COMPONENTOBJECT_DESC"
			        class="chzn-color"
                    required="true"
		        >
                    [%%FOREACH COMPONENT_OBJECT%%]
                    <option value="[%%CompObject%%]:[%%CompObjectPlural%%]">[%%CompObject_name%%]</option>
                    [%%ENDFOR COMPONENT_OBJECT%%]
                </field>
                [%%IF INCLUDE_CREATED%%]
                <field
					name="user_id"
					type="radio"
					label="MOD_[%%ARCHITECTCOMP%%]_FIELD_USER_LABEL"
					description="MOD_[%%ARCHITECTCOMP%%]_FIELD_USER_DESC"
                    class="btn-group"
					default="0"
				>
                    <option value="0">MOD_[%%ARCHITECTCOMP%%]_VALUE_ANYONE</option>
                    <option value="by_me">MOD_[%%ARCHITECTCOMP%%]_VALUE_ADDED_BY_ME</option>
                    <option value="not_me">MOD_[%%ARCHITECTCOMP%%]_VALUE_NOTADDED_BY_ME</option>
                </field>
                [%%ENDIF INCLUDE_CREATED%%]
                <field
					name="ordering"
					type="list"
					label="MOD_[%%ARCHITECTCOMP%%]_FIELD_ORDERING_LABEL"
					description="MOD_[%%ARCHITECTCOMP%%]_FIELD_ORDERING_DESC"
			        class="chzn-color"
				>

                    [%%FOREACH COMPONENT_OBJECT%%]
                    [%%IF INCLUDE_CREATED%%]
                    <option value="[%%compobjectplural%%] c_dsc">MOD_[%%ARCHITECTCOMP%%]_[%%COMPOBJECTPLURAL%%]_VALUE_RECENT_ADDED</option>
                    [%%ENDIF INCLUDE_CREATED%%]
                    [%%IF INCLUDE_MODIFIED%%]
                    <option value="[%%compobjectplural%%] m_dsc">MOD_[%%ARCHITECTCOMP%%]_[%%COMPOBJECTPLURAL%%]_VALUE_RECENT_MODIFIED</option>
                    [%%ENDIF INCLUDE_MODIFIED%%]
                    [%%IF INCLUDE_PUBLISHED_DATES%%]
                    <option value="[%%compobjectplural%%] p_dsc">MOD_[%%ARCHITECTCOMP%%]_[%%COMPOBJECTPLURAL%%]_VALUE_RECENT_PUBLISHED</option>
                    [%%ENDIF INCLUDE_PUBLISHED_DATES%%]
                    [%%IF INCLUDE_HITS%%]
                    <option value="[%%compobjectplural%%] h_dsc">MOD_[%%ARCHITECTCOMP%%]_[%%COMPOBJECTPLURAL%%]_VALUE_MOST_HITS</option>
                    [%%ENDIF INCLUDE_HITS%%]
                    [%%IF INCLUDE_NAME%%]
                    <option value="[%%compobjectplural%%] n_asc">MOD_[%%ARCHITECTCOMP%%]_[%%COMPOBJECTPLURAL%%]_VALUE_NAME_ALPHA</option>
                    <option value="[%%compobjectplural%%] n_dsc">MOD_[%%ARCHITECTCOMP%%]_[%%COMPOBJECTPLURAL%%]_VALUE_NAME_RALPHA</option>
                    [%%ENDIF INCLUDE_NAME%%]
                    [%%IF INCLUDE_ORDERING%%]
                    <option value="[%%compobjectplural%%] o_asc">MOD_[%%ARCHITECTCOMP%%]_[%%COMPOBJECTPLURAL%%]_VALUE_ORDERING</option>
                    [%%ENDIF INCLUDE_ORDERING%%]
                    [%%ENDFOR COMPONENT_OBJECT%%]
                </field>
                <field
					name="count"
					type="text"
					default="5"
					label="MOD_[%%ARCHITECTCOMP%%]_FIELD_COUNT_LABEL"
					description="MOD_[%%ARCHITECTCOMP%%]_FIELD_COUNT_DESC"
				/>
                <field
					name="list-style"
					type="list"
					label="MOD_[%%ARCHITECTCOMP%%]_FIELD_STYLE_LABEL"
					description="MOD_[%%ARCHITECTCOMP%%]_FIELD_STYLE_DESC"					
			        class="chzn-color"
					default=""
				>
                    <option value="">MOD_[%%ARCHITECTCOMP%%]_VALUE_PLAIN</option>
                    <option value="ul">MOD_[%%ARCHITECTCOMP%%]_VALUE_BULLETS</option>
                    <option value="ol">MOD_[%%ARCHITECTCOMP%%]_VALUE_NUMBERED</option>
                </field>
                <field
					name="itemid"
					type="menuitem"
					disable="separator"
					label="MOD_[%%ARCHITECTCOMP%%]_FIELD_ITEMID_LABEL"
					description="MOD_[%%ARCHITECTCOMP%%]_FIELD_ITEMID_DESC" >
                    <option
						value="">JDEFAULT</option>
                </field>
            </fieldset>

            <fieldset
				name="advanced"
			>
                <field
					name="layout"
					type="modulelayout"
					label="JFIELD_ALT_LAYOUT_LABEL"
					description="JFIELD_ALT_MODULE_LAYOUT_DESC"
				/>
                <field
					name="moduleclass_sfx"
					type="text"
					label="COM_MODULES_FIELD_MODULECLASS_SFX_LABEL"
					description="COM_MODULES_FIELD_MODULECLASS_SFX_DESC"
				/>

                <field
					name="cache"
					type="radio"
					label="COM_MODULES_FIELD_CACHING_LABEL"
					description="COM_MODULES_FIELD_CACHING_DESC"
                    class="btn-group"
					default="1"
				>
                    <option value="1">JGLOBAL_USE_GLOBAL</option>
                    <option value="0">COM_MODULES_FIELD_VALUE_NOCACHING</option>
                </field>

                <field
					name="cache_time"
					type="text"
					default="900"
					label="COM_MODULES_FIELD_CACHE_TIME_LABEL"
					description="COM_MODULES_FIELD_CACHE_TIME_DESC"
				/>
                <field
					name="cachemode"
					type="hidden"
					default="static"
				>
                    <option value="static"></option>
                </field>
            </fieldset>
        </fields>
    </config>
</extension>